page 1,"https://www.amazon.com/s/ref=sr_pg_1?fst=as%3Aon&rh=n%3A1055398%2Cn%3A1063278%2Cn%3A1063298%2Cn%3A684541011%2Ck%3Aarea+rugs&keywords=area+rugs&ie=UTF8&qid=1501789698&spIA=B0168Y18HK,B0168Y1LOA,B01MYGFAXK,B06Y5VGDQJ,B073K1DKH5,B0742CVJRY,B06XSNH22G,B06XBHPFVK,B07424TKQX,B016WT6BNM,B06W5SXCXZ,B0716Y9D12,B01GIOSM2O,B00YFECHB2,B0168Y0DT4,B07427DB33,B01N3AMK9A,B06WGRJWW6,B01GS0VV62,B07428GBRN,B071JZLZN6,B01MUA3BTB,B00WGU6WSQ,B07234DWJX"
Next page url:,https://www.amazon.com/s/ref=sr_pg_2/144-3276506-6989910?fst=as%3Aon&rh=n%3A1055398%2Cn%3A1063278%2Cn%3A1063298%2Cn%3A684541011%2Ck%3Aarea+rugs&page=2&keywords=area+rugs&ie=UTF8&qid=1506502638
Product name:,"nuLOOM Hand Loomed Diamond Cotton Check Flat Woven Area Rugs, 4' x 6', Grey"
Product link:,https://www.amazon.com/gp/slredirect/picassoRedirect.html/ref=pa_sp_atf_garden_sr_pg1_1?ie=UTF8&adId=A04204652LCJBZFIB758C&url=https%3A%2F%2Fwww.amazon.com%2FnuLOOM-Loomed-Diamond-Cotton-Check%2Fdp%2FB01HDWCIDO%2Fref%3Dsr_1_1_sspa%2F144-3276506-6989910%3Fs%3Dfurniture%26ie%3DUTF8%26qid%3D1506502638%26sr%3D1-1-spons%26keywords%3Darea%2Brugs%26psc%3D1&qualifier=1506502638&id=963497654872142&widgetName=sp_atf
Image link:,https://images-na.ssl-images-amazon.com/images/I/91DqvAt%2BUAL._SL1500_.jpg
Product name:,Hand Woven Casual Solid Cotton Area Rug
Product link:,https://www.amazon.com/gp/slredirect/picassoRedirect.html/ref=pa_sp_atf_garden_sr_pg1_2?ie=UTF8&adId=A041901712GONJUTLRPVT&url=https%3A%2F%2Fwww.amazon.com%2FHand-Woven-Casual-Solid-Cotton%2Fdp%2FB01DW8IP8U%2Fref%3Dsr_1_2_sspa%2F144-3276506-6989910%3Fs%3Dfurniture%26ie%3DUTF8%26qid%3D1506502638%26sr%3D1-2-spons%26keywords%3Darea%2Brugs%26psc%3D1&qualifier=1506502638&id=963497654872142&widgetName=sp_atf
Image link:,https://images-na.ssl-images-amazon.com/images/I/91baZnJDhzL._SL1500_.jpg
Product name:,Boho Area Rugs Retro Floral - MeMoreCool Home Living Mats Protective Decorative Carpets 1PC 75 X 98 Inch
Product link:,https://www.amazon.com/gp/slredirect/picassoRedirect.html/ref=pa_sp_atf_garden_sr_pg1_3?ie=UTF8&adId=A0891368K6FGG6U103TJ&url=https%3A%2F%2Fwww.amazon.com%2FBoho-Area-Rugs-Retro-Floral%2Fdp%2FB01LZ6JXQ4%2Fref%3Dsr_1_3_sspa%2F144-3276506-6989910%3Fs%3Dfurniture%26ie%3DUTF8%26qid%3D1506502638%26sr%3D1-3-spons%26keywords%3Darea%2Brugs%26psc%3D1&qualifier=1506502638&id=963497654872142&widgetName=sp_atf
Image link:,https://images-na.ssl-images-amazon.com/images/I/713JeFX-s6L._SL1001_.jpg
Image link:,https://images-na.ssl-images-amazon.com/images/I/71DPruG0T1L._SL1001_.jpg
Product name:,"Sweet Home Stores Cozy Shag Collection Solid Contemporary Living & Bedroom Soft Shaggy Area Rug, 5 feet by 7 feet, Grey"
Product link:,https://www.amazon.com/Sweet-Home-Stores-Collection-Contemporary/dp/B00W681BDY/ref=sr_1_4/144-3276506-6989910?s=furniture&ie=UTF8&qid=1506502638&sr=1-4&keywords=area+rugs
Image link:,https://images-na.ssl-images-amazon.com/images/I/913IuCdzhzL._SL1500_.jpg
Product name:,"Ottomanson Paterson Collection Grey Contemporary Moroccan Trellis Design Lattice Area Rug, 7'10"" X 9'10"""
Product link:,https://www.amazon.com/Ottomanson-Paterson-Collection-Contemporary-Moroccan/dp/B00XWDFAE8/ref=sr_1_5/144-3276506-6989910?s=furniture&ie=UTF8&qid=1506502638&sr=1-5&keywords=area+rugs
Image link:,https://images-na.ssl-images-amazon.com/images/I/A1r6aVwVpcL._SL1500_.jpg
Image link:,https://images-na.ssl-images-amazon.com/images/I/91Qlu3-GX8L._SL1500_.jpg
Image link:,https://images-na.ssl-images-amazon.com/images/I/A1vchWDH2uL._SL1500_.jpg
Product name:,Safavieh California Shag Collection SG151-2727 Brown Area Rug (4' Square)
Product link:,https://www.amazon.com/Safavieh-California-Collection-SG151-2727-Square/dp/B00GGOCQRE/ref=sr_1_6/144-3276506-6989910?s=furniture&ie=UTF8&qid=1506502638&sr=1-6&keywords=area+rugs
Image link:,https://images-na.ssl-images-amazon.com/images/I/A1IwM0vxDPL._SL1500_.jpg
Image link:,https://images-na.ssl-images-amazon.com/images/I/A1mit2vptnL._SL1500_.jpg
Image link:,https://images-na.ssl-images-amazon.com/images/I/A1ueuxyh4eL._SL1500_.jpg
Product name:,"Unique Loom Modern Plush Solid Shag Graphite Gray Color Contemporary Accent Area Rug, 96"" L x 60"" W"
Product link:,https://www.amazon.com/Unique-Loom-Modern-Graphite-Contemporary/dp/B0119S96D8/ref=sr_1_7/144-3276506-6989910?s=furniture&ie=UTF8&qid=1506502638&sr=1-7&keywords=area+rugs
Image link:,https://images-na.ssl-images-amazon.com/images/I/81swbG-o9sL._SL1000_.jpg
Image link:,https://images-na.ssl-images-amazon.com/images/I/817bQT6Rl6L._SL1300_.jpg
Image link:,https://images-na.ssl-images-amazon.com/images/I/81g75m3bVSL._SL1300_.jpg
Image link:,https://images-na.ssl-images-amazon.com/images/I/716S3voZomL._SL1300_.jpg
Image link:,https://images-na.ssl-images-amazon.com/images/I/71hcIrb3M5L._SL1000_.jpg
Image link:,https://images-na.ssl-images-amazon.com/images/I/7184%2BRBTmTL._SL1000_.jpg
Image link:,https://images-na.ssl-images-amazon.com/images/I/71ZerLDnb1L._SL1000_.jpg
Image link:,https://images-na.ssl-images-amazon.com/images/I/71rx6%2BgEBjL._SL1000_.jpg
Image link:,https://images-na.ssl-images-amazon.com/images/I/71pgzWqa3gL._SL1000_.jpg
Image link:,https://images-na.ssl-images-amazon.com/images/I/51GMQIgUXYL._SL1000_.jpg
Image link:,https://images-na.ssl-images-amazon.com/images/I/51BBGRTLxQL._SL1000_.jpg
Image link:,https://images-na.ssl-images-amazon.com/images/I/71uhy%2BOic3L._SL1000_.jpg
Image link:,https://images-na.ssl-images-amazon.com/images/I/81KdZQ1OpzL._SL1000_.jpg
Image link:,https://images-na.ssl-images-amazon.com/images/I/719difjsioL._SL1000_.jpg
Image link:,https://images-na.ssl-images-amazon.com/images/I/71Y%2BklYDvDL._SL1000_.jpg
Image link:,https://images-na.ssl-images-amazon.com/images/I/71EODthbN7L._SL1000_.jpg
Image link:,https://images-na.ssl-images-amazon.com/images/I/71jPp16pYFL._SL1000_.jpg
Image link:,https://images-na.ssl-images-amazon.com/images/I/71hdtshP98L._SL1000_.jpg
Product name:,Safavieh Milan Shag Collection SG180-8484 Dark Grey Square Area Rug (7' Square)
Product link:,https://www.amazon.com/Safavieh-Milan-Collection-SG180-8484-Square/dp/B00NC1Y9WO/ref=sr_1_8/144-3276506-6989910?s=furniture&ie=UTF8&qid=1506502638&sr=1-8&keywords=area+rugs
